dialog_id,character_id,text,requirements,outputs,extra_characters
sam_dialog_start,sam,"[1]: Hey, I can't find my grandma glasses, can you find them for me?
[1]: They were important for her.....
[0]: Yeah of course [1], I know what it means.
[0]: Will start looking at the old forest.
[1]: Ah, and if go there, beware the rats.",-grandma_glasses,+sam_glasses_start,
,,"I lost them close to the bridge, near the old forest.",,,
,,,,,
sam_dialog_complete,sam,"Are those?...
I can't believe it, after all these years...
Thank you [NAME].
I don't know where the medal is but I know that Tom Sandman saw something while walking in the black lake.",,"+sam_glasses_complete,-grandma_glasses",